{"best_params": {"EbyCRatio": 0.12938722391804824, "IbyCRatio": 0.7952156419421951, "infectious_period": 1.0114531160344953, "r0": 3.8818562049932446}, "best_loss": 1.1230038020580373, "latent_params": {"LatentEbyCRatio": {"4/28/20": 0.12938722391804824, "5/5/20": 0.29691448777439694}, "LatentIbyCRatio": {"4/28/20": 0.7952156419421951, "5/5/20": 0.0625480357316137}}, "train_metric_results": [{"metric_name": "mape", "variable_weights": [{"variable": "confirmed", "weight": 1.0}], "value": 1.1230038020580373}, {"metric_name": "rmsle", "variable_weights": [{"variable": "confirmed", "weight": 1.0}], "value": 0.012707291972169405}]}