{"best_params": {"EbyCRatio": 0.398482362518273, "IbyCRatio": 0.11517805246946208, "infectious_period": 4.4802787060903695, "r0": 0.8215805089752104}, "best_loss": 1.1405258347637897, "latent_params": {"LatentEbyCRatio": {"5/5/20": 0.398482362518273, "5/12/20": 0.1592847654858035}, "LatentIbyCRatio": {"5/5/20": 0.11517805246946208, "5/12/20": 0.15125904871784418}}, "train_metric_results": [{"metric_name": "mape", "variable_weights": [{"variable": "confirmed", "weight": 1.0}], "value": 1.1405258347637897}, {"metric_name": "rmsle", "variable_weights": [{"variable": "confirmed", "weight": 1.0}], "value": 0.013913727967585872}]}