{"best_params": {"EbyCRatio": 0.1926483158009994, "IbyCRatio": 0.287627222175259, "infectious_period": 9.669102754953478, "r0": 0.14029979267926573}, "best_loss": 0.9605411988585019, "latent_params": {"LatentEbyCRatio": {"4/28/20": 0.1926483158009994, "5/5/20": 0.06542064992634997}, "LatentIbyCRatio": {"4/28/20": 0.287627222175259, "5/5/20": 0.21594309521041874}}, "train_metric_results": [{"metric_name": "mape", "variable_weights": [{"variable": "confirmed", "weight": 1.0}], "value": 0.9605411988585019}, {"metric_name": "rmsle", "variable_weights": [{"variable": "confirmed", "weight": 1.0}], "value": 0.01298143911189682}]}