{"best_params": {"EbyCRatio": 0.10130380265149642, "IbyCRatio": 0.7480375849220006, "infectious_period": 8.294194572482079, "r0": 0.32912303837284096}, "best_loss": 1.365745716524096, "latent_params": {"LatentEbyCRatio": {"5/5/20": 0.10130380265149642, "5/12/20": 0.1334834864920961}, "LatentIbyCRatio": {"5/5/20": 0.7480375849220006, "5/12/20": 0.38559706715343256}}, "train_metric_results": [{"metric_name": "mape", "variable_weights": [{"variable": "confirmed", "weight": 1.0}], "value": 1.365745716524096}, {"metric_name": "rmsle", "variable_weights": [{"variable": "confirmed", "weight": 1.0}], "value": 0.018293951143659146}]}