{"best_params": {"EbyCRatio": 0.30542253872556285, "IbyCRatio": 0.8995636832112922, "infectious_period": 4.139169966629774, "r0": 0.7550908426667082}, "best_loss": 2.3756380139430946, "latent_params": {"LatentEbyCRatio": {"5/5/20": 0.30542253872556285, "5/12/20": 0.2514255427664937}, "LatentIbyCRatio": {"5/5/20": 0.8995636832112922, "5/12/20": 0.2807768068772613}}, "train_metric_results": [{"metric_name": "mape", "variable_weights": [{"variable": "confirmed", "weight": 1.0}], "value": 2.3756380139430946}, {"metric_name": "rmsle", "variable_weights": [{"variable": "confirmed", "weight": 1.0}], "value": 0.025103643392616195}]}