{"best_params": {"EbyCRatio": 0.026451093925177218, "IbyCRatio": 0.5527284395721942, "infectious_period": 5.782434154545349, "r0": 1.8112004303827254}, "best_loss": 1.7331535287546775, "latent_params": {"LatentEbyCRatio": {"4/28/20": 0.026451093925177218, "5/5/20": 0.42545114848746307}, "LatentIbyCRatio": {"4/28/20": 0.5527284395721942, "5/5/20": 0.3463713882855239}}, "train_metric_results": [{"metric_name": "mape", "variable_weights": [{"variable": "confirmed", "weight": 1.0}], "value": 1.7331535287546775}, {"metric_name": "rmsle", "variable_weights": [{"variable": "confirmed", "weight": 1.0}], "value": 0.01848199747554217}]}