{"best_params": {"EbyCRatio": 0.13257672518617916, "IbyCRatio": 0.2656011737823287, "infectious_period": 6.055878730891285, "r0": 0.7850494659368907}, "best_loss": 0.2183420803152611, "latent_params": {"LatentEbyCRatio": {"4/28/20": 0.13257672518617916, "5/5/20": 0.1371540333016124}, "LatentIbyCRatio": {"4/28/20": 0.2656011737823287, "5/5/20": 0.17757018768548127}}, "train_metric_results": [{"metric_name": "mape", "variable_weights": [{"variable": "confirmed", "weight": 1.0}], "value": 0.2183420803152611}, {"metric_name": "rmsle", "variable_weights": [{"variable": "confirmed", "weight": 1.0}], "value": 0.0030740083591614224}]}