{"best_params": {"EbyCRatio": 0.18365690526298775, "IbyCRatio": 0.45345937934710306, "infectious_period": 4.943864464719315, "r0": 0.3530351090497541}, "best_loss": 0.5211732565884001, "latent_params": {"LatentEbyCRatio": {"5/5/20": 0.18365690526298775, "5/12/20": 0.1010151103448583}, "LatentIbyCRatio": {"5/5/20": 0.45345937934710306, "5/12/20": 0.1815098347817163}}, "train_metric_results": [{"metric_name": "mape", "variable_weights": [{"variable": "confirmed", "weight": 1.0}], "value": 0.5211732565884001}, {"metric_name": "rmsle", "variable_weights": [{"variable": "confirmed", "weight": 1.0}], "value": 0.006080799614255025}]}