{"best_params": {"EbyCRatio": 0.9354546867180404, "IbyCRatio": 0.10660984118304151, "infectious_period": 3.980837346522475, "r0": 0.5161571588675318}, "best_loss": 3.9913749230098703, "latent_params": {"LatentEbyCRatio": {"4/28/20": 0.9354546867180404, "5/5/20": 0.2008113101721801}, "LatentIbyCRatio": {"4/28/20": 0.10660984118304151, "5/5/20": 0.19353407946371887}}, "train_metric_results": [{"metric_name": "mape", "variable_weights": [{"variable": "confirmed", "weight": 1.0}], "value": 3.9913749230098703}, {"metric_name": "rmsle", "variable_weights": [{"variable": "confirmed", "weight": 1.0}], "value": 0.04838811926923005}]}