{"best_params": {"EbyCRatio": 0.5035489491294534, "IbyCRatio": 0.6985966283641893, "infectious_period": 4.29292496234974, "r0": 0.8585248033533315}, "best_loss": 1.6619608687743441, "latent_params": {"LatentEbyCRatio": {"5/5/20": 0.5035489491294534, "5/12/20": 0.2786792156453894}, "LatentIbyCRatio": {"5/5/20": 0.6985966283641893, "5/12/20": 0.2824622044434561}}, "train_metric_results": [{"metric_name": "mape", "variable_weights": [{"variable": "confirmed", "weight": 1.0}], "value": 1.6619608687743441}, {"metric_name": "rmsle", "variable_weights": [{"variable": "confirmed", "weight": 1.0}], "value": 0.01899062647646617}]}