{"best_params": {"EbyCRatio": 0.5042434614661715, "IbyCRatio": 0.8078926850643193, "infectious_period": 1.0098093533985923, "r0": 0.5020932480637113}, "best_loss": 14.420061622074332, "latent_params": {"LatentEbyCRatio": {"4/28/20": 0.5042434614661715, "5/5/20": 0.11785539465448097}, "LatentIbyCRatio": {"4/28/20": 0.8078926850643193, "5/5/20": 0.02932664131518094}}, "train_metric_results": [{"metric_name": "mape", "variable_weights": [{"variable": "confirmed", "weight": 1.0}], "value": 14.420061622074332}, {"metric_name": "rmsle", "variable_weights": [{"variable": "confirmed", "weight": 1.0}], "value": 0.20077164225398517}]}