{"best_params": {"EbyCRatio": 0.5016554388977986, "IbyCRatio": 0.9641967745831552, "infectious_period": 1.1549858535868625, "r0": 0.5031436326992054}, "best_loss": 9.652341170196461, "latent_params": {"LatentEbyCRatio": {"5/5/20": 0.5016554388977986, "5/12/20": 0.12570321416758048}, "LatentIbyCRatio": {"5/5/20": 0.9641967745831552, "5/12/20": 0.037257710233254186}}, "train_metric_results": [{"metric_name": "mape", "variable_weights": [{"variable": "confirmed", "weight": 1.0}], "value": 9.652341170196461}, {"metric_name": "rmsle", "variable_weights": [{"variable": "confirmed", "weight": 1.0}], "value": 0.11440026063622509}]}