{"best_params": {"EbyCRatio": 22.909360675707404, "IbyCRatio": 0.9891643794086545, "infectious_period": 2.839101902481878, "r0": 5.231301091894823}, "best_loss": 1764.1218372895178, "latent_params": {"LatentEbyCRatio": {"4/12/20": 22.909360675707404, "4/22/20": 1.060802838340862}, "LatentIbyCRatio": {"4/12/20": 0.9891643794086545, "4/22/20": 0.3942435991224097}}, "model_parameters": {"incubation_period": 5, "F_hospitalization": 0.04, "F_icu": 0.05, "F_fatalities": 0.08, "EbyCRatio": 22.909360675707404, "IbyCRatio": 0.9891643794086545, "infectious_period": 2.839101902481878, "r0": 5.231301091894823, "LatentEbyCRatio": {"4/12/20": 22.909360675707404, "4/22/20": 1.060802838340862}, "LatentIbyCRatio": {"4/12/20": 0.9891643794086545, "4/22/20": 0.3942435991224097}, "MAPE": 1764.1218372895178}, "train_metric_results": [{"metric_name": "mape", "variable_weights": [{"variable": "confirmed", "weight": 1.0}], "value": 1764.1218372895178}, {"metric_name": "rmsle", "variable_weights": [{"variable": "confirmed", "weight": 1.0}], "value": 2.8229661850433865}]}