{"best_params": {"EbyCRatio": 2.778927682811476, "F_fatalities": 0.037259932680451524, "F_hospitalization": 0.06111748770766537, "IbyCRatio": 1.7484153446489794, "infectious_period": 8.891143819845581, "r0": 1.6338507448050015}, "best_loss": 85239.23549119342, "latent_params": {"LatentEbyCRatio": {"4/16/20": 2.778927682811476, "4/26/20": 1.257464927187637}, "LatentIbyCRatio": {"4/16/20": 1.7484153446489794, "4/26/20": 0.2622913194226318}}, "model_parameters": {"incubation_period": 5, "F_icu": 0.05, "EbyCRatio": 2.778927682811476, "F_fatalities": 0.037259932680451524, "F_hospitalization": 0.06111748770766537, "IbyCRatio": 1.7484153446489794, "infectious_period": 8.891143819845581, "r0": 1.6338507448050015, "LatentEbyCRatio": {"4/16/20": 2.778927682811476, "4/26/20": 1.257464927187637}, "LatentIbyCRatio": {"4/16/20": 1.7484153446489794, "4/26/20": 0.2622913194226318}, "MAPE": 85239.23549119342}, "train_metric_results": [{"metric_name": "mape", "variable_weights": [{"variable": "confirmed", "weight": 1.0}], "value": 99.55561276146643}, {"metric_name": "mape", "variable_weights": [{"variable": "hospitalized", "weight": 1.0}], "value": 50.961772477295746}, {"metric_name": "rmsle", "variable_weights": [{"variable": "confirmed", "weight": 1.0}], "value": 0.7085946810276368}]}