{"best_params": {"EbyCRatio": 0.6726165830598139, "IbyCRatio": 0.9007801875315107, "infectious_period": 3.868242714382999, "r0": 2.0615056183132894}, "best_loss": 2.875743441056264, "latent_params": {"LatentEbyCRatio": {"4/7/20": 0.6726165830598139, "4/17/20": 0.5041179541201476}, "LatentIbyCRatio": {"4/7/20": 0.9007801875315107, "4/17/20": 0.31801026045460745}}, "train_metric_results": [{"metric_name": "mape", "variable_weights": [{"variable": "confirmed", "weight": 1.0}], "value": 2.875743441056264}, {"metric_name": "rmsle", "variable_weights": [{"variable": "confirmed", "weight": 1.0}], "value": 0.041407607460595124}]}