{"best_params": {"EbyCRatio": 0.5425720361816532, "IbyCRatio": 0.8040018763838059, "infectious_period": 4.488274389390579, "r0": 1.0573021345340798}, "best_loss": 1.3510334581525512, "latent_params": {"LatentEbyCRatio": {"4/29/20": 0.5425720361816532, "5/6/20": 0.35158902478709003}, "LatentIbyCRatio": {"4/29/20": 0.8040018763838059, "5/6/20": 0.33231931692087385}}, "train_metric_results": [{"metric_name": "mape", "variable_weights": [{"variable": "confirmed", "weight": 1.0}], "value": 1.3510334581525512}, {"metric_name": "rmsle", "variable_weights": [{"variable": "confirmed", "weight": 1.0}], "value": 0.016308374976073545}]}