{"best_params": {"EbyCRatio": 1.70100681384063, "IbyCRatio": 0.8072223043041227, "infectious_period": 3.1152328535703053, "r0": 4.3389759006693}, "best_loss": 95.07229832210473, "latent_params": {"LatentEbyCRatio": {"4/7/20": 1.70100681384063, "4/17/20": 0.9057333632442632}, "LatentIbyCRatio": {"4/7/20": 0.8072223043041227, "4/17/20": 0.37632816337835495}}, "model_parameters": {"incubation_period": 5, "F_hospitalization": 0.04, "F_icu": 0.05, "F_fatalities": 0.08, "EbyCRatio": 1.70100681384063, "IbyCRatio": 0.8072223043041227, "infectious_period": 3.1152328535703053, "r0": 4.3389759006693, "LatentEbyCRatio": {"4/7/20": 1.70100681384063, "4/17/20": 0.9057333632442632}, "LatentIbyCRatio": {"4/7/20": 0.8072223043041227, "4/17/20": 0.37632816337835495}, "MAPE": 95.07229832210473}, "train_metric_results": [{"metric_name": "mape", "variable_weights": [{"variable": "confirmed", "weight": 1.0}], "value": 95.07229832210473}, {"metric_name": "rmsle", "variable_weights": [{"variable": "confirmed", "weight": 1.0}], "value": 0.6866716326372687}]}