{"best_params": {"EbyCRatio": 10.268857091812668, "F_fatalities": 0.11305592320078144, "F_hospitalization": 0.10646218611292912, "IbyCRatio": 0.20061855226832445, "infectious_period": 3.34514198831545, "r0": 2.762621748280257}, "best_loss": 21867.96008710807, "latent_params": {"LatentEbyCRatio": {"4/12/20": 10.268857091812668, "4/22/20": 0.9966197856961576}, "LatentIbyCRatio": {"4/12/20": 0.20061855226832445, "4/22/20": 0.312764810986855}}, "model_parameters": {"incubation_period": 5, "F_icu": 0.05, "EbyCRatio": 10.268857091812668, "F_fatalities": 0.11305592320078144, "F_hospitalization": 0.10646218611292912, "IbyCRatio": 0.20061855226832445, "infectious_period": 3.34514198831545, "r0": 2.762621748280257, "LatentEbyCRatio": {"4/12/20": 10.268857091812668, "4/22/20": 0.9966197856961576}, "LatentIbyCRatio": {"4/12/20": 0.20061855226832445, "4/22/20": 0.312764810986855}, "MAPE": 21867.96008710807}, "train_metric_results": [{"metric_name": "mape", "variable_weights": [{"variable": "confirmed", "weight": 1.0}], "value": 247.04897369489112}, {"metric_name": "mape", "variable_weights": [{"variable": "hospitalized", "weight": 1.0}], "value": 31.727163599647618}, {"metric_name": "rmsle", "variable_weights": [{"variable": "confirmed", "weight": 1.0}], "value": 1.2390547830581387}]}