{"best_params": {"EbyCRatio": 0.5011566800454405, "IbyCRatio": 0.895885232449195, "infectious_period": 1.1425774212690603, "r0": 0.5013394523747089}, "best_loss": 7.266106346767276, "latent_params": {"LatentEbyCRatio": {"5/6/20": 0.5011566800454405, "5/13/20": 0.1236276886885225}, "LatentIbyCRatio": {"5/6/20": 0.895885232449195, "5/13/20": 0.03605529623179165}}, "train_metric_results": [{"metric_name": "mape", "variable_weights": [{"variable": "confirmed", "weight": 1.0}], "value": 7.266106346767276}, {"metric_name": "rmsle", "variable_weights": [{"variable": "confirmed", "weight": 1.0}], "value": 0.08904626234670283}]}