{"best_params": {"EbyCRatio": 21.243105274817502, "IbyCRatio": 0.8218668973818916, "infectious_period": 2.5918668626117047, "r0": 1.719011428012088}, "best_loss": 414.3283727537811, "latent_params": {"LatentEbyCRatio": {"4/7/20": 21.243105274817502, "4/17/20": 0.5153961428858226}, "LatentIbyCRatio": {"4/7/20": 0.8218668973818916, "4/17/20": 0.26340658539644723}}, "model_parameters": {"incubation_period": 5, "F_hospitalization": 0.04, "F_icu": 0.05, "F_fatalities": 0.08, "EbyCRatio": 21.243105274817502, "IbyCRatio": 0.8218668973818916, "infectious_period": 2.5918668626117047, "r0": 1.719011428012088, "LatentEbyCRatio": {"4/7/20": 21.243105274817502, "4/17/20": 0.5153961428858226}, "LatentIbyCRatio": {"4/7/20": 0.8218668973818916, "4/17/20": 0.26340658539644723}, "MAPE": 414.3283727537811}, "train_metric_results": [{"metric_name": "mape", "variable_weights": [{"variable": "confirmed", "weight": 1.0}], "value": 414.3283727537811}, {"metric_name": "rmsle", "variable_weights": [{"variable": "confirmed", "weight": 1.0}], "value": 1.6169489987880277}]}