{"best_params": {"EbyCRatio": 0.5297531674095247, "IbyCRatio": 0.9212124060302807, "infectious_period": 1.5398025131259527, "r0": 2.1309347984734752}, "best_loss": 4.096056565010594, "latent_params": {"LatentEbyCRatio": {"4/12/20": 0.5297531674095247, "4/22/20": 0.23150194425203788}, "LatentIbyCRatio": {"4/12/20": 0.9212124060302807, "4/22/20": 0.07821218734327433}}, "train_metric_results": [{"metric_name": "mape", "variable_weights": [{"variable": "confirmed", "weight": 1.0}], "value": 4.096056565010594}, {"metric_name": "rmsle", "variable_weights": [{"variable": "confirmed", "weight": 1.0}], "value": 0.04737452735855879}]}