{"best_params": {"EbyCRatio": 0.5166781645924369, "IbyCRatio": 0.9713509682311435, "infectious_period": 4.910705125449724, "r0": 2.6307998902628733}, "best_loss": 3.633318198449156, "latent_params": {"LatentEbyCRatio": {"4/7/20": 0.5166781645924369, "4/17/20": 0.9645216902979207}, "LatentIbyCRatio": {"4/7/20": 0.9713509682311435, "4/17/20": 0.2368144505256047}}, "model_parameters": {"incubation_period": 5, "F_hospitalization": 0.04, "F_icu": 0.05, "F_fatalities": 0.08, "EbyCRatio": 0.5166781645924369, "IbyCRatio": 0.9713509682311435, "infectious_period": 4.910705125449724, "r0": 2.6307998902628733, "LatentEbyCRatio": {"4/7/20": 0.5166781645924369, "4/17/20": 0.9645216902979207}, "LatentIbyCRatio": {"4/7/20": 0.9713509682311435, "4/17/20": 0.2368144505256047}, "MAPE": 3.633318198449156}, "train_metric_results": [{"metric_name": "mape", "variable_weights": [{"variable": "confirmed", "weight": 1.0}], "value": 3.633318198449156}, {"metric_name": "rmsle", "variable_weights": [{"variable": "confirmed", "weight": 1.0}], "value": 0.05296611231597117}]}