{"best_params": {"EbyCRatio": 36.866279450224404, "F_fatalities": 0.027533999881324447, "F_hospitalization": 0.07870178074485647, "IbyCRatio": 0.709302331748716, "infectious_period": 8.719643602654692, "r0": 3.4689167621881953}, "best_loss": 44379.49735785053, "latent_params": {"LatentEbyCRatio": {"4/12/20": 36.866279450224404, "4/22/20": 3.610553062252821}, "LatentIbyCRatio": {"4/12/20": 0.709302331748716, "4/22/20": 0.4066970172602566}}, "model_parameters": {"incubation_period": 5, "F_icu": 0.05, "EbyCRatio": 36.866279450224404, "F_fatalities": 0.027533999881324447, "F_hospitalization": 0.07870178074485647, "IbyCRatio": 0.709302331748716, "infectious_period": 8.719643602654692, "r0": 3.4689167621881953, "LatentEbyCRatio": {"4/12/20": 36.866279450224404, "4/22/20": 3.610553062252821}, "LatentIbyCRatio": {"4/12/20": 0.709302331748716, "4/22/20": 0.4066970172602566}, "MAPE": 44379.49735785053}, "train_metric_results": [{"metric_name": "mape", "variable_weights": [{"variable": "confirmed", "weight": 1.0}], "value": 646.1842075482292}, {"metric_name": "mape", "variable_weights": [{"variable": "hospitalized", "weight": 1.0}], "value": 136.59121297331146}, {"metric_name": "rmsle", "variable_weights": [{"variable": "confirmed", "weight": 1.0}], "value": 1.9094902237687386}]}