{"best_params": {"EbyCRatio": 0.5811885835336268, "IbyCRatio": 0.9336569190367185, "infectious_period": 5.784009421726601, "r0": 0.7128930885318407}, "best_loss": 3.291571740235837, "latent_params": {"LatentEbyCRatio": {"4/12/20": 0.5811885835336268, "4/22/20": 0.2321258410198151}, "LatentIbyCRatio": {"4/12/20": 0.9336569190367185, "4/22/20": 0.1404429097319697}}, "model_parameters": {"incubation_period": 5, "F_hospitalization": 0.04, "F_icu": 0.05, "F_fatalities": 0.08, "EbyCRatio": 0.5811885835336268, "IbyCRatio": 0.9336569190367185, "infectious_period": 5.784009421726601, "r0": 0.7128930885318407, "LatentEbyCRatio": {"4/12/20": 0.5811885835336268, "4/22/20": 0.2321258410198151}, "LatentIbyCRatio": {"4/12/20": 0.9336569190367185, "4/22/20": 0.1404429097319697}, "MAPE": 3.291571740235837}, "train_metric_results": [{"metric_name": "mape", "variable_weights": [{"variable": "confirmed", "weight": 1.0}], "value": 3.291571740235837}, {"metric_name": "rmsle", "variable_weights": [{"variable": "confirmed", "weight": 1.0}], "value": 0.04168202355354521}]}