{"best_params": {"EbyCRatio": 25.209832752127557, "F_fatalities": 0.04413889938830243, "F_hospitalization": 0.0528620471607663, "IbyCRatio": 1.787494489506607, "infectious_period": 9.574255672043675, "r0": 1.0182366366704945}, "best_loss": 12250.228307340432, "latent_params": {"LatentEbyCRatio": {"4/7/20": 25.209832752127557, "4/17/20": 1.1550305431249783}, "LatentIbyCRatio": {"4/7/20": 1.787494489506607, "4/17/20": 0.3075324053279699}}, "model_parameters": {"incubation_period": 5, "F_icu": 0.05, "EbyCRatio": 25.209832752127557, "F_fatalities": 0.04413889938830243, "F_hospitalization": 0.0528620471607663, "IbyCRatio": 1.787494489506607, "infectious_period": 9.574255672043675, "r0": 1.0182366366704945, "LatentEbyCRatio": {"4/7/20": 25.209832752127557, "4/17/20": 1.1550305431249783}, "LatentIbyCRatio": {"4/7/20": 1.787494489506607, "4/17/20": 0.3075324053279699}, "MAPE": 12250.228307340432}, "train_metric_results": [{"metric_name": "mape", "variable_weights": [{"variable": "confirmed", "weight": 1.0}], "value": 208.4686888889261}, {"metric_name": "mape", "variable_weights": [{"variable": "hospitalized", "weight": 1.0}], "value": 16.704645004380502}, {"metric_name": "rmsle", "variable_weights": [{"variable": "confirmed", "weight": 1.0}], "value": 1.1267947900617858}]}