{"best_params": {"EbyCRatio": 5.804367718731942, "F_fatalities": 0.09748462791786607, "F_hospitalization": 0.11585542823806186, "IbyCRatio": 0.48277715670748456, "infectious_period": 7.84326934024635, "r0": 2.3547016491050154}, "best_loss": 58096.92039217456, "latent_params": {"LatentEbyCRatio": {"4/11/20": 5.804367718731942, "4/21/20": 1.8613276099535292}, "LatentIbyCRatio": {"4/11/20": 0.48277715670748456, "4/21/20": 0.3178082367913675}}, "model_parameters": {"incubation_period": 5, "F_icu": 0.05, "EbyCRatio": 5.804367718731942, "F_fatalities": 0.09748462791786607, "F_hospitalization": 0.11585542823806186, "IbyCRatio": 0.48277715670748456, "infectious_period": 7.84326934024635, "r0": 2.3547016491050154, "LatentEbyCRatio": {"4/11/20": 5.804367718731942, "4/21/20": 1.8613276099535292}, "LatentIbyCRatio": {"4/11/20": 0.48277715670748456, "4/21/20": 0.3178082367913675}, "MAPE": 58096.92039217456}, "train_metric_results": [{"metric_name": "mape", "variable_weights": [{"variable": "confirmed", "weight": 1.0}], "value": 89.90013532159604}, {"metric_name": "mape", "variable_weights": [{"variable": "hospitalized", "weight": 1.0}], "value": 70.20488654644967}, {"metric_name": "rmsle", "variable_weights": [{"variable": "confirmed", "weight": 1.0}], "value": 0.6904462714256135}]}