{"best_params": {"EbyCRatio": 12.623794878231601, "IbyCRatio": 0.8032371249857521, "infectious_period": 8.984487322865482, "r0": 2.541260653405924}, "best_loss": 560.0495269601387, "latent_params": {"LatentEbyCRatio": {"4/7/20": 12.623794878231601, "4/17/20": 0.9174628457292161}, "LatentIbyCRatio": {"4/7/20": 0.8032371249857521, "4/17/20": 0.6595501082055677}}, "train_metric_results": [{"metric_name": "mape", "variable_weights": [{"variable": "confirmed", "weight": 1.0}], "value": 560.0495269601387}, {"metric_name": "rmsle", "variable_weights": [{"variable": "confirmed", "weight": 1.0}], "value": 1.8609704742739506}]}