{"best_params": {"EbyCRatio": 0.5298460301415714, "IbyCRatio": 0.8171503211428431, "infectious_period": 9.674462213654094, "r0": 0.5986964569608118}, "best_loss": 35.50990083387747, "latent_params": {"LatentEbyCRatio": {"5/11/20": 0.5298460301415714, "5/18/20": 0.3242396531931018}, "LatentIbyCRatio": {"5/11/20": 0.8171503211428431, "5/18/20": 0.1621341108769617}}, "model_parameters": {"incubation_period": 5, "F_hospitalization": 0.04, "F_icu": 0.05, "F_fatalities": 0.08, "EbyCRatio": 0.5298460301415714, "IbyCRatio": 0.8171503211428431, "infectious_period": 9.674462213654094, "r0": 0.5986964569608118, "LatentEbyCRatio": {"5/11/20": 0.5298460301415714, "5/18/20": 0.3242396531931018}, "LatentIbyCRatio": {"5/11/20": 0.8171503211428431, "5/18/20": 0.1621341108769617}, "MAPE": 35.50990083387747}, "train_metric_results": [{"metric_name": "mape", "variable_weights": [{"variable": "confirmed", "weight": 1.0}], "value": 35.50990083387747}, {"metric_name": "rmsle", "variable_weights": [{"variable": "confirmed", "weight": 1.0}], "value": 0.32446369181369844}]}