{"best_params": {"EbyCRatio": 8.707325097633735, "IbyCRatio": 0.8040681359045926, "infectious_period": 2.8978082698085648, "r0": 1.6361402198059596}, "best_loss": 342.8846220408563, "latent_params": {"LatentEbyCRatio": {"4/12/20": 8.707325097633735, "4/22/20": 0.4139725752663315}, "LatentIbyCRatio": {"4/12/20": 0.8040681359045926, "4/22/20": 0.243197277743551}}, "train_metric_results": [{"metric_name": "mape", "variable_weights": [{"variable": "confirmed", "weight": 1.0}], "value": 342.8846220408563}, {"metric_name": "rmsle", "variable_weights": [{"variable": "confirmed", "weight": 1.0}], "value": 1.4790045820706752}]}