{"best_params": {"active_ratio": 0.6185409618954788, "deceased_ratio": 0.5548499324017713, "exposed_ratio": 1.0412188114323269, "hospitalization_period": 14.215388249724569, "infectious_period": 3.404654626075642, "r0": 0.8014283591122249}, "best_loss": 3.9921961544430102, "latent_params": {"Latent_exposed_ratio": {"4/12/20": 1.0412188114323269, "4/22/20": 0.20636120331192132}, "Latent_active_ratio": {"4/12/20": 0.6185409618954788, "4/22/20": 0.15112560819672485}}, "model_parameters": {"incubation_period": 6, "active_ratio": 0.6185409618954788, "deceased_ratio": 0.5548499324017713, "exposed_ratio": 1.0412188114323269, "hospitalization_period": 14.215388249724569, "infectious_period": 3.404654626075642, "r0": 0.8014283591122249, "Latent_exposed_ratio": {"4/12/20": 1.0412188114323269, "4/22/20": 0.20636120331192132}, "Latent_active_ratio": {"4/12/20": 0.6185409618954788, "4/22/20": 0.15112560819672485}, "MAPE": 3.9921961544430102}, "train_metric_results": [{"metric_name": "mape", "variable_weights": [{"variable": "confirmed", "weight": 1.0}], "value": 3.9921961544430102}, {"metric_name": "rmse", "variable_weights": [{"variable": "confirmed", "weight": 1.0}], "value": 113.25629569847308}]}