{"best_params": {"EbyCRatio": 0.016945799936686073, "F_fatalities": 0.07555394444322366, "F_hospitalization": 0.0766764886052836, "IbyCRatio": 0.01138448685806015, "infectious_period": 7.649481403944121, "r0": 0.501889144618058}, "best_loss": 2136.5852979329784, "latent_params": {"LatentEbyCRatio": {"4/7/20": 0.016945799936686073, "4/17/20": 0.008092232205855875}, "LatentIbyCRatio": {"4/7/20": 0.01138448685806015, "4/17/20": 0.020423413032611925}}, "model_parameters": {"incubation_period": 5, "F_icu": 0.05, "EbyCRatio": 0.016945799936686073, "F_fatalities": 0.07555394444322366, "F_hospitalization": 0.0766764886052836, "IbyCRatio": 0.01138448685806015, "infectious_period": 7.649481403944121, "r0": 0.501889144618058, "LatentEbyCRatio": {"4/7/20": 0.016945799936686073, "4/17/20": 0.008092232205855875}, "LatentIbyCRatio": {"4/7/20": 0.01138448685806015, "4/17/20": 0.020423413032611925}, "MAPE": 2136.5852979329784}, "train_metric_results": [{"metric_name": "mape", "variable_weights": [{"variable": "confirmed", "weight": 1.0}], "value": 48.98112328821243}, {"metric_name": "mape", "variable_weights": [{"variable": "hospitalized", "weight": 1.0}], "value": 93.23808635797364}, {"metric_name": "rmsle", "variable_weights": [{"variable": "confirmed", "weight": 1.0}], "value": 0.8162111777434874}]}