{"best_params": {"active_ratio": 0.8750447750995367, "deceased_ratio": 0.9304048049079789, "exposed_ratio": 2.3345107490806285, "hospitalization_period": 14.040945866533557, "infectious_period": 4.449373664917995, "r0": 0.842912422403656}, "best_loss": 2.544887279192117, "latent_params": {"Latent_exposed_ratio": {"4/7/20": 2.3345107490806285, "4/17/20": 0.35480013871364435}, "Latent_active_ratio": {"4/7/20": 0.8750447750995367, "4/17/20": 0.3091593247036946}}, "model_parameters": {"incubation_period": 6, "active_ratio": 0.8750447750995367, "deceased_ratio": 0.9304048049079789, "exposed_ratio": 2.3345107490806285, "hospitalization_period": 14.040945866533557, "infectious_period": 4.449373664917995, "r0": 0.842912422403656, "Latent_exposed_ratio": {"4/7/20": 2.3345107490806285, "4/17/20": 0.35480013871364435}, "Latent_active_ratio": {"4/7/20": 0.8750447750995367, "4/17/20": 0.3091593247036946}, "MAPE": 2.544887279192117}, "train_metric_results": [{"metric_name": "mape", "variable_weights": [{"variable": "confirmed", "weight": 1.0}], "value": 2.544887279192117}, {"metric_name": "rmse", "variable_weights": [{"variable": "confirmed", "weight": 1.0}], "value": 49.050092074779855}]}