{"best_params": {"EbyCRatio": 0.5018055880494646, "IbyCRatio": 0.8871622908422646, "infectious_period": 8.898696237587215, "r0": 0.5000015335189376}, "best_loss": 2.9003463651124375, "latent_params": {"LatentEbyCRatio": {"5/4/20": 0.5018055880494646, "5/11/20": 0.26788885908154275}, "LatentIbyCRatio": {"5/4/20": 0.8871622908422646, "5/11/20": 0.16470371345982668}}, "model_parameters": {"incubation_period": 5, "F_hospitalization": 0.04, "F_icu": 0.05, "F_fatalities": 0.08, "EbyCRatio": 0.5018055880494646, "IbyCRatio": 0.8871622908422646, "infectious_period": 8.898696237587215, "r0": 0.5000015335189376, "LatentEbyCRatio": {"5/4/20": 0.5018055880494646, "5/11/20": 0.26788885908154275}, "LatentIbyCRatio": {"5/4/20": 0.8871622908422646, "5/11/20": 0.16470371345982668}, "MAPE": 2.9003463651124375}, "train_metric_results": [{"metric_name": "mape", "variable_weights": [{"variable": "confirmed", "weight": 1.0}], "value": 2.9003463651124375}, {"metric_name": "rmsle", "variable_weights": [{"variable": "confirmed", "weight": 1.0}], "value": 0.04932364350646826}]}