{"best_params": {"active_ratio": 0.5982752529008803, "deceased_ratio": 0.38798652733392236, "exposed_ratio": 7.314679997445611, "hospitalization_period": 10.511759723628229, "infectious_period": 7.513060484390147, "r0": 1.85969289814775}, "best_loss": 15.566945792073211, "latent_params": {"Latent_exposed_ratio": {"3/21/20": 7.314679997445611, "4/1/20": 1.2756099517752766}, "Latent_active_ratio": {"3/21/20": 0.5982752529008803, "4/1/20": 0.9953747887596581}}, "model_parameters": {"incubation_period": 6, "active_ratio": 0.5982752529008803, "deceased_ratio": 0.38798652733392236, "exposed_ratio": 7.314679997445611, "hospitalization_period": 10.511759723628229, "infectious_period": 7.513060484390147, "r0": 1.85969289814775, "Latent_exposed_ratio": {"3/21/20": 7.314679997445611, "4/1/20": 1.2756099517752766}, "Latent_active_ratio": {"3/21/20": 0.5982752529008803, "4/1/20": 0.9953747887596581}, "MAPE": 15.566945792073211}, "train_metric_results": [{"metric_name": "mape", "variable_weights": [{"variable": "confirmed", "weight": 1.0}], "value": 15.566945792073211}, {"metric_name": "rmse", "variable_weights": [{"variable": "confirmed", "weight": 1.0}], "value": 16.466261585293086}]}