{"best_params": {"EbyCRatio": 0.5346434527970564, "IbyCRatio": 0.813093599296299, "infectious_period": 6.593370438940947, "r0": 1.0682180776345906}, "best_loss": 0.7173713741347404, "latent_params": {"LatentEbyCRatio": {"4/19/20": 0.5346434527970564, "4/26/20": 0.41191990956141367}, "LatentIbyCRatio": {"4/19/20": 0.813093599296299, "4/26/20": 0.45613343447018684}}, "train_metric_results": [{"metric_name": "mape", "variable_weights": [{"variable": "confirmed", "weight": 1.0}], "value": 0.7173713741347404}, {"metric_name": "rmsle", "variable_weights": [{"variable": "confirmed", "weight": 1.0}], "value": 0.009030622819630562}]}