{
  "best_params": {
    "EbyCRatio": 1.9964762805719332,
    "r0": 0.8688694546119198
  },
  "best_loss": 6.8171151654390485,
  "latent_params": {
    "LatentEbyCRatio": {
      "3/21/20": 1.9964762805719332,
      "4/1/20": 0.38234160724097066
    },
    "LatentIbyCRatio": {
      "3/21/20": 0.59,
      "4/1/20": 0.478282759581743
    }
  },
  "train_metric_results": [
    {
      "metric_name": "mape",
      "variable_weights": [
        {
          "variable": "confirmed",
          "weight": 1.0
        }
      ],
      "value": 6.8171151654390485
    },
    {
      "metric_name": "rmse",
      "variable_weights": [
        {
          "variable": "confirmed",
          "weight": 1.0
        }
      ],
      "value": 2.826933086202972
    }
  ]
}