{"best_params": {"EbyCRatio": 2.6050913824330415, "IbyCRatio": 0.8683258097798365, "infectious_period": 5.96080281619445, "r0": 3.811944577091423}, "best_loss": 387.674148988957, "latent_params": {"LatentEbyCRatio": {"4/10/20": 2.6050913824330415, "4/20/20": 1.0928330109024162}, "LatentIbyCRatio": {"4/10/20": 0.8683258097798365, "4/20/20": 0.5831815850833979}}, "train_metric_results": [{"metric_name": "mape", "variable_weights": [{"variable": "confirmed", "weight": 1.0}], "value": 387.674148988957}, {"metric_name": "rmsle", "variable_weights": [{"variable": "confirmed", "weight": 1.0}], "value": 1.530343123604972}]}