{"best_params": {"EbyCRatio": 47.15684736585484, "F_fatalities": 0.08345811165267222, "F_hospitalization": 0.08528397021725678, "IbyCRatio": 1.7922211739881564, "infectious_period": 1.927764110663917, "r0": 0.7074218646085817}, "best_loss": 43927.69511806351, "latent_params": {"LatentEbyCRatio": {"4/7/20": 47.15684736585484, "4/17/20": 0.250638672450121}, "LatentIbyCRatio": {"4/7/20": 1.7922211739881564, "4/17/20": 0.21012923188699795}}, "model_parameters": {"incubation_period": 5, "F_icu": 0.05, "EbyCRatio": 47.15684736585484, "F_fatalities": 0.08345811165267222, "F_hospitalization": 0.08528397021725678, "IbyCRatio": 1.7922211739881564, "infectious_period": 1.927764110663917, "r0": 0.7074218646085817, "LatentEbyCRatio": {"4/7/20": 47.15684736585484, "4/17/20": 0.250638672450121}, "LatentIbyCRatio": {"4/7/20": 1.7922211739881564, "4/17/20": 0.21012923188699795}, "MAPE": 43927.69511806351}, "train_metric_results": [{"metric_name": "mape", "variable_weights": [{"variable": "confirmed", "weight": 1.0}], "value": 962.9581178373619}, {"metric_name": "mape", "variable_weights": [{"variable": "hospitalized", "weight": 1.0}], "value": 157.8617108467841}, {"metric_name": "rmsle", "variable_weights": [{"variable": "confirmed", "weight": 1.0}], "value": 2.3295040587728892}]}