{"best_params": {"EbyCRatio": 53.357425079321786, "F_fatalities": 0.11602949418900207, "F_hospitalization": 0.06561547034220952, "IbyCRatio": 0.30527817394975676, "infectious_period": 3.1674982220388106, "r0": 0.5061772527466193}, "best_loss": 75452.6916003551, "latent_params": {"LatentEbyCRatio": {"4/12/20": 53.357425079321786, "4/22/20": 0.30616918918116187}, "LatentIbyCRatio": {"4/12/20": 0.30527817394975676, "4/22/20": 0.24433213803350504}}, "model_parameters": {"incubation_period": 5, "F_icu": 0.05, "EbyCRatio": 53.357425079321786, "F_fatalities": 0.11602949418900207, "F_hospitalization": 0.06561547034220952, "IbyCRatio": 0.30527817394975676, "infectious_period": 3.1674982220388106, "r0": 0.5061772527466193, "LatentEbyCRatio": {"4/12/20": 53.357425079321786, "4/22/20": 0.30616918918116187}, "LatentIbyCRatio": {"4/12/20": 0.30527817394975676, "4/22/20": 0.24433213803350504}, "MAPE": 75452.6916003551}, "train_metric_results": [{"metric_name": "mape", "variable_weights": [{"variable": "confirmed", "weight": 1.0}], "value": 1068.352794552171}, {"metric_name": "mape", "variable_weights": [{"variable": "hospitalized", "weight": 1.0}], "value": 238.06329482629826}, {"metric_name": "rmsle", "variable_weights": [{"variable": "confirmed", "weight": 1.0}], "value": 2.3856008435281497}]}